{
  "critic_score": 0.8933333333333334,
  "diff_size": 0.0,
  "drift_score": 0.030820711518140188,
  "iteration": 392,
  "planner_focus": [
    "clarify scope in ## Thesis"
  ],
  "timestamp": "2026-02-23T12:03:53Z"
}
