{
  "critic_score": 0.8733333333333334,
  "diff_size": 0.0,
  "drift_score": 0.014975550122249388,
  "iteration": 384,
  "planner_focus": [
    "Maintain current clarity and structure (no further edits)"
  ],
  "timestamp": "2026-02-24T22:33:38Z"
}
