{
  "critic_score": 0.9066666666666667,
  "diff_size": 0.0,
  "drift_score": 0.030820711518140188,
  "iteration": 393,
  "planner_focus": [
    "clarify scope in ## Thesis"
  ],
  "timestamp": "2026-02-23T12:04:49Z"
}
